{
	"bsonType": "object",
	"required": [],
	"permission": {
		"read": true,
		"create": true,
		"update": true,
		"delete": true
	},
	"properties": {
		"_id": {
			"description": "ID，系统自动生成"
		},
		"dd_id": {
			//订单创建ID
			"bsonType": "int"
		},
		// 搜索的选选项
		"dd_name": {
			// 订单信息
			"bsonType": "string"
		},
		"dd_cc": {
			// 订单信息
			"bsonType": "string"
		},
		"dd_ks": {
			// 订单信息
			"bsonType": "string"
		},
		"dd_zdy": {
			// 订单信息
			"bsonType": "string"
		},
		// 搜索的选选项
		"dd_data": {
			// 订单信息
			"bsonType": "object"
		},
		
		"dd_time": {
			"bsonType": "timestamp"
		},
		"dd_now": {
			// 当前标识
			"bsonType": "int"
		}
	}
}
