{
	"bsonType": "object",
	"required": [],
	"permission": {
		"read": true,
		"create": true,
		"update": true,
		"delete": true
	},
	"properties": {
		"_id": {
			"description": "ID，系统自动生成"
		}
	},
	"dd_id": {
		//订单创建ID
		"bsonType": "int"
	},
	"time": {
		"bsonType": "timestamp"
	},
	"dd_user": {
		// 自定义字段
		"bsonType": "string"
	},
	"dd_now": {
		// 当前标识
		"bsonType": "int"
	},
	"dd_data": {
		// 订单信息
		"bsonType": "object"
	}
}
