{
	"pages": [ //pages数组中第一项表示应用启动页，参考：https://uniapp.dcloud.io/collocation/pages
		{
			"path": "pages/index/index",
			"style": {
				"navigationStyle": "custom",
				"enablePullDownRefresh": false
			}
		}
	    ,{
            "path" : "pages/push/push",
            "style" :                                                                                    
            {
				"navigationStyle": "custom",
				"enablePullDownRefresh": false
            }
        }
        ,{
            "path" : "pages/search/search",
            "style" :                                                                                    
            {
               "navigationStyle": "custom",
               "enablePullDownRefresh": false
            }
            
        }
        ,{
            "path" : "pages/see_make_dd/see_make_dd",
            "style" :                                                                                    
            {
                "navigationBarTitleText": "",
                "enablePullDownRefresh": false
            }
            
        }
        ,{
            "path" : "pages/all_data_see/all_data_see",
            "style" :                                                                                    
            {
                "navigationStyle": "custom",
                "enablePullDownRefresh": false
            }
            
        }
        ,{
            "path" : "pages/see_zt/see_zt",
            "style" :                                                                                    
            {
                "navigationBarTitleText": "货物状态",
                "enablePullDownRefresh": false
            }
            
        }
    ,{
    "path": "pages/dd_all/add",
    "style": {
        "navigationBarTitleText": "新增"
    }
}
,{
    "path": "pages/dd_all/edit",
    "style": {
        "navigationBarTitleText": "编辑"
    }
}
,{
    "path": "pages/dd_all/list",
    "style": {
        "navigationBarTitleText": "列表"
    }
}
,{
    "path": "pages/dd_all/detail",
    "style": {
        "navigationBarTitleText": "详情"
    }
}
,{
    "path": "pages/dd_all/add",
    "style": {
        "navigationBarTitleText": "新增"
    }
}
,{
    "path": "pages/dd_all/edit",
    "style": {
        "navigationBarTitleText": "编辑"
    }
}
,{
    "path": "pages/dd_all/list",
    "style": {
        "navigationBarTitleText": "列表"
    }
}
,{
    "path": "pages/dd_all/detail",
    "style": {
        "navigationBarTitleText": "详情"
    }
}
    ,{
            "path" : "pages/_token/_token",
            "style" :                                                                                    
            {
                "navigationStyle": "custom",
                "enablePullDownRefresh": false
            }
            
        }
    ],
	"globalStyle": {
		"navigationBarTextStyle": "black",
		"navigationBarTitleText": "uni-app",
		"navigationBarBackgroundColor": "#F8F8F8",
		"backgroundColor": "#F8F8F8"
	},
	"tabBar": {
		"color": "#B1B1B1",
		"selectedColor": "#0088cc",
		"borderStyle": "black",
		// "backgroundColor":"rgba(255, 255, 255, 0.2)",
		"list": [{
				"pagePath": "pages/index/index",
				"iconPath": "static/icon/index0.png",
				"selectedIconPath": "static/icon/index1.png",
				"text": "扫码"
			},
			{
				"pagePath": "pages/all_data_see/all_data_see",
				"iconPath": "static/icon/all0.png",
				"selectedIconPath": "static/icon/all1.png",
				"text": "查看"
			}
		]
	}
}