{
	"pages": [ //pages数组中第一项表示应用启动页，参考：https://uniapp.dcloud.io/collocation/pages
		{
			"path": "pages/index/index"
		}, {
			"path": "pages/login/login",
			"style": {
				"topWindow": false,
				"leftWindow": false,
				"navigationBarTitleText": "登录"
			}
		}, {
			"path": "pages/error/404",
			"style": {
				"navigationBarTitleText": "Not Found"
			}
		}, {
			"path": "pages/changepwd/changepwd",
			"style": {
				"navigationBarTitleText": "修改密码"
			}

		}
	    ,{
            "path" : "pages/make_dd/make_dd",
            "style" :                                                                                    
            {
                "navigationBarTitleText": "",
                "enablePullDownRefresh": false
            }
            
        }
    ,{
    "path": "pages/dd_all/add",
    "style": {
        "navigationBarTitleText": "新增"
    }
}
,{
    "path": "pages/dd_all/edit",
    "style": {
        "navigationBarTitleText": "编辑"
    }
}
,{
    "path": "pages/dd_all/list",
    "style": {
        "navigationBarTitleText": "列表"
    }
}
],
	"subPackages": [{
		"root": "pages/system",
		"pages": [{
			"path": "menu/list",
			"style": {
				"navigationBarTitleText": "菜单管理"
			}
		}, {
			"path": "menu/add",
			"style": {
				"navigationBarTitleText": "新增菜单",
				"navigationStyle": "default"
			}
		}, {
			"path": "menu/edit",
			"style": {
				"navigationBarTitleText": "修改菜单",
				"navigationStyle": "default"
			}
		}, {
			"path": "permission/list",
			"style": {
				"navigationBarTitleText": "权限管理"
			}
		}, {
			"path": "permission/add",
			"style": {
				"navigationBarTitleText": "新增权限",
				"navigationStyle": "default"
			}
		}, {
			"path": "permission/edit",
			"style": {
				"navigationBarTitleText": "修改权限",
				"navigationStyle": "default"
			}
		}, {
			"path": "role/add",
			"style": {
				"navigationBarTitleText": "新增角色",
				"navigationStyle": "default"
			}
		}, {
			"path": "role/edit",
			"style": {
				"navigationBarTitleText": "修改角色",
				"navigationStyle": "default"
			}
		}, {
			"path": "role/list",
			"style": {
				"navigationBarTitleText": "角色管理"
			}
		}, {
			"path": "user/add",
			"style": {
				"navigationBarTitleText": "新增用户",
				"navigationStyle": "default"
			}
		}, {
			"path": "user/edit",
			"style": {
				"navigationBarTitleText": "修改用户",
				"navigationStyle": "default"
			}
		}, {
			"path": "user/list",
			"style": {
				"navigationBarTitleText": "用户管理"
			}
		}, {
			"path": "app/add",
			"style": {
				"navigationBarTitleText": "新增应用",
				"navigationStyle": "default"
			}
		}, {
			"path": "app/edit",
			"style": {
				"navigationBarTitleText": "修改应用",
				"navigationStyle": "default"
			}
		}, {
			"path": "app/list",
			"style": {
				"navigationBarTitleText": "应用管理"
			}
		}, {
			"path": "tag/add",
			"style": {
				"navigationBarTitleText": "新增标签"
			}
		}, {
			"path": "tag/edit",
			"style": {
				"navigationBarTitleText": "修改标签"
			}
		}, {
			"path": "tag/list",
			"style": {
				"navigationBarTitleText": "标签管理"
			}
		}]
	}, {
		"root": "pages/demo",
		"pages": [{
			"path": "init/init",
			"style": {
				"topWindow": false,
				"leftWindow": false,
				"navigationBarTitleText": "创建超级管理员"
			}
		}, {
			"path": "icons/icons",
			"style": {
				"navigationBarTitleText": "图标"
			}
		}, {
			"path": "table/table",
			"style": {
				"navigationBarTitleText": "表格"
			}
		}]
	}],
	"globalStyle": {
		"navigationStyle": "custom",
		"navigationBarTextStyle": "black",
		"navigationBarTitleText": "管理系统",
		"navigationBarBackgroundColor": "#F8F8F8",
		"backgroundColor": "#F8F8F8"
	},
	"topWindow": {
		"path": "windows/topWindow",
		"style": {
			"height": "60px"
		},
		"matchMedia": {
			"minWidth": 0
		}
	},
	"leftWindow": {
		"path": "windows/leftWindow",
		"style": {
			"width": "240px"
		}
	}
}
